ablation,link_features,text_encoder,audio_encoder,fold,best_val_bacc,loss,accuracy,balanced_accuracy,f1_macro,f1_weighted,f1_hc,f1_ad,auroc,auroc_macro,kappa,sensitivity_AD,specificity_AD
multimodal_no_kd,plain,roberta-base,/home/usuaris/veu/joan.lapeyra/knowledge_distillation/pretrained/wav2vec2-base,0,0.8365384615384616,0.7338400358955065,0.7380952380952381,0.7340909090909091,0.7343300747556067,0.7358361400914591,0.7027027027027027,0.7659574468085106,0.8147727272727273,0.8147727272727273,0.471395881006865,0.8181818178099173,0.649999999675
multimodal_no_kd,plain,roberta-base,/home/usuaris/veu/joan.lapeyra/knowledge_distillation/pretrained/wav2vec2-base,1,0.9230769230769231,0.5476379171013832,0.7380952380952381,0.7318181818181818,0.7306122448979592,0.7327502429543247,0.6857142857142857,0.7755102040816326,0.8386363636363636,0.8386363636363636,0.46896551724137936,0.8636363632438017,0.5999999997
multimodal_no_kd,plain,roberta-base,/home/usuaris/veu/joan.lapeyra/knowledge_distillation/pretrained/wav2vec2-base,2,0.875,1.0078068574269612,0.7142857142857143,0.7022727272727273,0.6888888888888889,0.6931216931216931,0.6,0.7777777777777778,0.6625,0.6625,0.413953488372093,0.9545454541115702,0.449999999775
multimodal_no_kd,plain,roberta-base,/home/usuaris/veu/joan.lapeyra/knowledge_distillation/pretrained/wav2vec2-base,3,0.8461538461538461,0.6170739432175955,0.8571428571428571,0.8568181818181818,0.8568181818181818,0.8571428571428571,0.85,0.8636363636363636,0.9068181818181817,0.9068181818181817,0.7136363636363636,0.8636363632438017,0.8499999995749999
multimodal_no_kd,plain,roberta-base,/home/usuaris/veu/joan.lapeyra/knowledge_distillation/pretrained/wav2vec2-base,4,0.8076923076923077,0.7188111233214537,0.7857142857142857,0.7931818181818182,0.7826336975273145,0.7814014622525259,0.8085106382978723,0.7567567567567568,0.8397727272727273,0.8397727272727273,0.5771812080536913,0.6363636360743802,0.9499999995249999
multimodal_no_kd,emb,roberta-base,/home/usuaris/veu/joan.lapeyra/knowledge_distillation/pretrained/wav2vec2-base,0,0.7948717948717949,0.5470193127791086,0.7142857142857143,0.7022727272727273,0.6888888888888889,0.6931216931216931,0.6,0.7777777777777778,0.8340909090909091,0.8340909090909091,0.413953488372093,0.9545454541115702,0.449999999775
multimodal_no_kd,emb,roberta-base,/home/usuaris/veu/joan.lapeyra/knowledge_distillation/pretrained/wav2vec2-base,1,0.842948717948718,0.637677530447642,0.7619047619047619,0.759090909090909,0.7597254004576659,0.760815081181214,0.7368421052631579,0.782608695652174,0.8477272727272727,0.8477272727272727,0.5205479452054795,0.8181818178099173,0.6999999996499999
multimodal_no_kd,emb,roberta-base,/home/usuaris/veu/joan.lapeyra/knowledge_distillation/pretrained/wav2vec2-base,2,0.842948717948718,0.577167226622502,0.8571428571428571,0.8590909090909091,0.8571428571428571,0.8571428571428571,0.8571428571428571,0.8571428571428571,0.8761363636363637,0.8761363636363637,0.7149321266968326,0.8181818178099173,0.89999999955
multimodal_no_kd,emb,roberta-base,/home/usuaris/veu/joan.lapeyra/knowledge_distillation/pretrained/wav2vec2-base,3,0.8461538461538461,0.462286372979482,0.8095238095238095,0.8045454545454545,0.8055555555555556,0.806878306878307,0.7777777777777778,0.8333333333333334,0.9136363636363637,0.9136363636363637,0.6146788990825689,0.9090909086776859,0.6999999996499999
multimodal_no_kd,emb,roberta-base,/home/usuaris/veu/joan.lapeyra/knowledge_distillation/pretrained/wav2vec2-base,4,0.8006993006993006,0.5139334301153818,0.7380952380952381,0.7318181818181818,0.7306122448979592,0.7327502429543247,0.6857142857142857,0.7755102040816326,0.8772727272727272,0.8772727272727272,0.46896551724137936,0.8636363632438017,0.5999999997
multimodal_no_kd,both,roberta-base,/home/usuaris/veu/joan.lapeyra/knowledge_distillation/pretrained/wav2vec2-base,0,0.7948717948717949,0.5443530877431234,0.7380952380952381,0.7272727272727273,0.71880706025563,0.7223140016810132,0.6451612903225806,0.7924528301886793,0.8931818181818182,0.8931818181818182,0.4640371229698377,0.9545454541115702,0.49999999975
multimodal_no_kd,both,roberta-base,/home/usuaris/veu/joan.lapeyra/knowledge_distillation/pretrained/wav2vec2-base,1,0.8461538461538461,0.7854787409305573,0.7857142857142857,0.7954545454545454,0.7795918367346939,0.7778425655976675,0.8163265306122449,0.7428571428571429,0.8954545454545455,0.8954545454545455,0.5790645879732739,0.5909090906404958,0.9999999995
multimodal_no_kd,both,roberta-base,/home/usuaris/veu/joan.lapeyra/knowledge_distillation/pretrained/wav2vec2-base,2,0.8333333333333333,0.5206427176793417,0.7380952380952381,0.7272727272727273,0.71880706025563,0.7223140016810132,0.6451612903225806,0.7924528301886793,0.9318181818181819,0.9318181818181819,0.4640371229698377,0.9545454541115702,0.49999999975
multimodal_no_kd,both,roberta-base,/home/usuaris/veu/joan.lapeyra/knowledge_distillation/pretrained/wav2vec2-base,3,0.8461538461538461,0.6182583967844645,0.7857142857142857,0.7954545454545454,0.7795918367346939,0.7778425655976675,0.8163265306122449,0.7428571428571429,0.8999999999999999,0.8999999999999999,0.5790645879732739,0.5909090906404958,0.9999999995
multimodal_no_kd,both,roberta-base,/home/usuaris/veu/joan.lapeyra/knowledge_distillation/pretrained/wav2vec2-base,4,0.7237762237762237,0.3962036818265915,0.8809523809523809,0.884090909090909,0.8808848553601816,0.8807498041757826,0.8837209302325582,0.8780487804878049,0.8454545454545456,0.8454545454545456,0.7629796839729119,0.8181818178099173,0.9499999995249999
