link_features,ablation,text_encoder,audio_encoder,fold,acccuracy,balanced_accuracy,f1,auroc,kappa
plain,text_only,bert-base-uncased,/home/usuaris/veu/joan.lapeyra/knowledge_distillation/pretrained/wav2vec2-base,0,0.9524,0.9545,0.9524,1.0,0.905
plain,text_only,bert-base-uncased,/home/usuaris/veu/joan.lapeyra/knowledge_distillation/pretrained/wav2vec2-base,1,0.9762,0.9773,0.9762,0.9932,0.9524
plain,text_only,bert-base-uncased,/home/usuaris/veu/joan.lapeyra/knowledge_distillation/pretrained/wav2vec2-base,2,0.9524,0.9545,0.9524,0.9977,0.905
plain,text_only,bert-base-uncased,/home/usuaris/veu/joan.lapeyra/knowledge_distillation/pretrained/wav2vec2-base,3,0.9524,0.9545,0.9524,0.9886,0.905
plain,text_only,bert-base-uncased,/home/usuaris/veu/joan.lapeyra/knowledge_distillation/pretrained/wav2vec2-base,4,0.9762,0.9773,0.9762,0.9841,0.9524
plain,text_only,FacebookAI/xlm-roberta-base,/home/usuaris/veu/joan.lapeyra/knowledge_distillation/pretrained/wav2vec2-base,0,0.9286,0.9318,0.9285,0.9773,0.8578
plain,text_only,FacebookAI/xlm-roberta-base,/home/usuaris/veu/joan.lapeyra/knowledge_distillation/pretrained/wav2vec2-base,1,0.9762,0.9773,0.9762,0.9727,0.9524
plain,text_only,FacebookAI/xlm-roberta-base,/home/usuaris/veu/joan.lapeyra/knowledge_distillation/pretrained/wav2vec2-base,2,0.9762,0.9773,0.9762,0.9625,0.9524
plain,text_only,FacebookAI/xlm-roberta-base,/home/usuaris/veu/joan.lapeyra/knowledge_distillation/pretrained/wav2vec2-base,3,0.9762,0.9773,0.9762,0.9659,0.9524
plain,text_only,FacebookAI/xlm-roberta-base,/home/usuaris/veu/joan.lapeyra/knowledge_distillation/pretrained/wav2vec2-base,4,0.9762,0.9773,0.9762,0.9841,0.9524
plain,text_only,roberta-base,/home/usuaris/veu/joan.lapeyra/knowledge_distillation/pretrained/wav2vec2-base,0,0.9762,0.9773,0.9762,0.9818,0.9524
plain,text_only,roberta-base,/home/usuaris/veu/joan.lapeyra/knowledge_distillation/pretrained/wav2vec2-base,1,0.9762,0.9773,0.9762,1.0,0.9524
plain,text_only,roberta-base,/home/usuaris/veu/joan.lapeyra/knowledge_distillation/pretrained/wav2vec2-base,2,0.9286,0.9273,0.9282,0.9932,0.8565
plain,text_only,roberta-base,/home/usuaris/veu/joan.lapeyra/knowledge_distillation/pretrained/wav2vec2-base,3,0.9286,0.9318,0.9285,0.9545,0.8578
plain,text_only,roberta-base,/home/usuaris/veu/joan.lapeyra/knowledge_distillation/pretrained/wav2vec2-base,4,0.9524,0.9523,0.9523,0.975,0.9045
emb,text_only,bert-base-uncased,/home/usuaris/veu/joan.lapeyra/knowledge_distillation/pretrained/wav2vec2-base,0,0.9524,0.9545,0.9524,0.9909,0.905
emb,text_only,bert-base-uncased,/home/usuaris/veu/joan.lapeyra/knowledge_distillation/pretrained/wav2vec2-base,1,0.9048,0.9045,0.9045,0.9795,0.8091
emb,text_only,bert-base-uncased,/home/usuaris/veu/joan.lapeyra/knowledge_distillation/pretrained/wav2vec2-base,2,0.9286,0.925,0.9275,0.9932,0.8558
emb,text_only,bert-base-uncased,/home/usuaris/veu/joan.lapeyra/knowledge_distillation/pretrained/wav2vec2-base,3,0.8333,0.825,0.8253,0.9705,0.6605
emb,text_only,bert-base-uncased,/home/usuaris/veu/joan.lapeyra/knowledge_distillation/pretrained/wav2vec2-base,4,0.9286,0.9295,0.9285,0.9886,0.8571
emb,text_only,FacebookAI/xlm-roberta-base,/home/usuaris/veu/joan.lapeyra/knowledge_distillation/pretrained/wav2vec2-base,0,0.9524,0.9545,0.9524,0.9727,0.905
emb,text_only,FacebookAI/xlm-roberta-base,/home/usuaris/veu/joan.lapeyra/knowledge_distillation/pretrained/wav2vec2-base,1,0.9762,0.9773,0.9762,0.9886,0.9524
emb,text_only,FacebookAI/xlm-roberta-base,/home/usuaris/veu/joan.lapeyra/knowledge_distillation/pretrained/wav2vec2-base,2,0.9762,0.975,0.9761,0.9955,0.9522
emb,text_only,FacebookAI/xlm-roberta-base,/home/usuaris/veu/joan.lapeyra/knowledge_distillation/pretrained/wav2vec2-base,3,1.0,1.0,1.0,1.0,1.0
emb,text_only,FacebookAI/xlm-roberta-base,/home/usuaris/veu/joan.lapeyra/knowledge_distillation/pretrained/wav2vec2-base,4,0.9762,0.9773,0.9762,0.9909,0.9524
emb,text_only,roberta-base,/home/usuaris/veu/joan.lapeyra/knowledge_distillation/pretrained/wav2vec2-base,0,0.9048,0.9023,0.9039,0.9818,0.8082
emb,text_only,roberta-base,/home/usuaris/veu/joan.lapeyra/knowledge_distillation/pretrained/wav2vec2-base,1,0.9762,0.9773,0.9762,0.9977,0.9524
emb,text_only,roberta-base,/home/usuaris/veu/joan.lapeyra/knowledge_distillation/pretrained/wav2vec2-base,2,0.881,0.8773,0.8792,0.9841,0.7597
emb,text_only,roberta-base,/home/usuaris/veu/joan.lapeyra/knowledge_distillation/pretrained/wav2vec2-base,3,0.9524,0.9545,0.9524,0.9955,0.905
emb,text_only,roberta-base,/home/usuaris/veu/joan.lapeyra/knowledge_distillation/pretrained/wav2vec2-base,4,0.9524,0.95,0.9519,0.9955,0.9041
